﻿<?xml version="1.0" encoding="utf-8"?>
<abapGit version="v1.0.0" serializer="LCL_OBJECT_FUGR" serializer_version="v1.0.0">
 <asx:abap xmlns:asx="http://www.sap.com/abapxml" version="1.0">
  <asx:values>
   <AREAT>AES</AREAT>
   <INCLUDES>
    <SOBJ_NAME>LZEHR_FG_AESTOP</SOBJ_NAME>
    <SOBJ_NAME>SAPLZEHR_FG_AES</SOBJ_NAME>
   </INCLUDES>
   <FUNCTIONS>
    <item>
     <FUNCNAME>ZFM_EHR_DECRYPT</FUNCNAME>
     <SHORT_TEXT>AES解密</SHORT_TEXT>
     <IMPORT>
      <RSIMP>
       <PARAMETER>IV_ENCRYPTED</PARAMETER>
       <REFERENCE>X</REFERENCE>
       <TYP>STRING</TYP>
      </RSIMP>
      <RSIMP>
       <PARAMETER>IV_KEY</PARAMETER>
       <DEFAULT>&apos;2021QDMHR126QAWS&apos;</DEFAULT>
       <OPTIONAL>X</OPTIONAL>
       <REFERENCE>X</REFERENCE>
       <TYP>STRING</TYP>
      </RSIMP>
      <RSIMP>
       <PARAMETER>IV_VECTOR</PARAMETER>
       <DEFAULT>&apos;2021QDMHR126QAWS&apos;</DEFAULT>
       <OPTIONAL>X</OPTIONAL>
       <REFERENCE>X</REFERENCE>
       <TYP>STRING</TYP>
      </RSIMP>
      <RSIMP>
       <PARAMETER>IV_MODE</PARAMETER>
       <DEFAULT>&apos;CBC&apos;</DEFAULT>
       <OPTIONAL>X</OPTIONAL>
       <REFERENCE>X</REFERENCE>
       <TYP>STRING</TYP>
      </RSIMP>
      <RSIMP>
       <PARAMETER>IV_PADDING</PARAMETER>
       <DEFAULT>&apos;PKCS7&apos;</DEFAULT>
       <OPTIONAL>X</OPTIONAL>
       <REFERENCE>X</REFERENCE>
       <TYP>STRING</TYP>
      </RSIMP>
     </IMPORT>
     <EXPORT>
      <RSEXP>
       <PARAMETER>EV_DECRYPTED</PARAMETER>
       <TYP>STRING</TYP>
      </RSEXP>
     </EXPORT>
     <EXCEPTION>
      <RSEXC>
       <EXCEPTION>CX_SY_CONVERSION_CODEPAGE</EXCEPTION>
      </RSEXC>
     </EXCEPTION>
     <DOCUMENTATION>
      <RSFDO>
       <PARAMETER>IV_ENCRYPTED</PARAMETER>
       <KIND>P</KIND>
      </RSFDO>
      <RSFDO>
       <PARAMETER>IV_KEY</PARAMETER>
       <KIND>P</KIND>
      </RSFDO>
      <RSFDO>
       <PARAMETER>IV_VECTOR</PARAMETER>
       <KIND>P</KIND>
      </RSFDO>
      <RSFDO>
       <PARAMETER>IV_MODE</PARAMETER>
       <KIND>P</KIND>
      </RSFDO>
      <RSFDO>
       <PARAMETER>IV_PADDING</PARAMETER>
       <KIND>P</KIND>
      </RSFDO>
      <RSFDO>
       <PARAMETER>EV_DECRYPTED</PARAMETER>
       <KIND>P</KIND>
      </RSFDO>
      <RSFDO>
       <PARAMETER>CX_SY_CONVERSION_CODEPAGE</PARAMETER>
       <KIND>X</KIND>
      </RSFDO>
     </DOCUMENTATION>
     <EXCEPTION_CLASSES>X</EXCEPTION_CLASSES>
    </item>
    <item>
     <FUNCNAME>ZFM_EHR_ENCRYPT</FUNCNAME>
     <IMPORT>
      <RSIMP>
       <PARAMETER>IV_DECRYPTED</PARAMETER>
       <REFERENCE>X</REFERENCE>
       <TYP>STRING</TYP>
      </RSIMP>
      <RSIMP>
       <PARAMETER>IV_KEY</PARAMETER>
       <DEFAULT>&apos;2021QDMHR126QAWS&apos;</DEFAULT>
       <OPTIONAL>X</OPTIONAL>
       <REFERENCE>X</REFERENCE>
       <TYP>STRING</TYP>
      </RSIMP>
      <RSIMP>
       <PARAMETER>IV_VECTOR</PARAMETER>
       <DEFAULT>&apos;2021QDMHR126QAWS&apos;</DEFAULT>
       <OPTIONAL>X</OPTIONAL>
       <REFERENCE>X</REFERENCE>
       <TYP>STRING</TYP>
      </RSIMP>
      <RSIMP>
       <PARAMETER>IV_MODE</PARAMETER>
       <DEFAULT>&apos;CBC&apos;</DEFAULT>
       <OPTIONAL>X</OPTIONAL>
       <REFERENCE>X</REFERENCE>
       <TYP>STRING</TYP>
      </RSIMP>
      <RSIMP>
       <PARAMETER>IV_PADDING</PARAMETER>
       <DEFAULT>&apos;PKCS7&apos;</DEFAULT>
       <OPTIONAL>X</OPTIONAL>
       <REFERENCE>X</REFERENCE>
       <TYP>STRING</TYP>
      </RSIMP>
     </IMPORT>
     <EXPORT>
      <RSEXP>
       <PARAMETER>EV_ENCRYPTED</PARAMETER>
       <TYP>STRING</TYP>
      </RSEXP>
     </EXPORT>
     <EXCEPTION>
      <RSEXC>
       <EXCEPTION>CX_SY_CONVERSION_CODEPAGE</EXCEPTION>
      </RSEXC>
     </EXCEPTION>
     <DOCUMENTATION>
      <RSFDO>
       <PARAMETER>IV_DECRYPTED</PARAMETER>
       <KIND>P</KIND>
      </RSFDO>
      <RSFDO>
       <PARAMETER>IV_KEY</PARAMETER>
       <KIND>P</KIND>
      </RSFDO>
      <RSFDO>
       <PARAMETER>IV_VECTOR</PARAMETER>
       <KIND>P</KIND>
      </RSFDO>
      <RSFDO>
       <PARAMETER>IV_MODE</PARAMETER>
       <KIND>P</KIND>
      </RSFDO>
      <RSFDO>
       <PARAMETER>IV_PADDING</PARAMETER>
       <KIND>P</KIND>
      </RSFDO>
      <RSFDO>
       <PARAMETER>EV_ENCRYPTED</PARAMETER>
       <KIND>P</KIND>
      </RSFDO>
      <RSFDO>
       <PARAMETER>CX_SY_CONVERSION_CODEPAGE</PARAMETER>
       <KIND>X</KIND>
      </RSFDO>
     </DOCUMENTATION>
     <EXCEPTION_CLASSES>X</EXCEPTION_CLASSES>
    </item>
   </FUNCTIONS>
   <I18N_TPOOL>
    <item>
     <LANGUAGE>1</LANGUAGE>
    </item>
   </I18N_TPOOL>
  </asx:values>
 </asx:abap>
</abapGit>
